	Size	BioGRID_interactions.07-11-2022	KEGG_drugs.09-11-2022	MoNDO_diseases.07-11-2022	Reactome_pathways.07-11-2022	Recon3D_metabolites.07-11-2022
ClusterID:1	3	2	0	0	0	0
ClusterID:2	10	14	0	0	0	0
ClusterID:3	5	4	0	0	0	0
ClusterID:4	42	34	0	12	12	5
ClusterID:5	8	14	0	6	0	0
ClusterID:6	3	2	0	0	0	0
ClusterID:7	5	1	3	0	9	0
ClusterID:8	45	82	0	0	336	0
ClusterID:9	10	9	0	11	2	2
ClusterID:10	9	10	0	0	0	0
ClusterID:11	21	43	0	0	56	0
ClusterID:12	12	11	0	0	0	0
ClusterID:13	64	33	0	0	516	514
ClusterID:14	6	8	0	0	0	0
ClusterID:15	1	0	0	0	0	0
ClusterID:16	1	0	0	0	0	0
ClusterID:17	1	0	0	0	0	0
ClusterID:18	1	0	0	0	0	0
ClusterID:19	1	0	0	0	0	0
ClusterID:20	1	0	0	0	0	0
ClusterID:21	1	0	0	0	0	0
ClusterID:22	1	0	0	0	0	0
ClusterID:23	1	0	0	0	0	0
ClusterID:24	1	0	0	0	0	0
ClusterID:25	1	0	0	0	0	0
ClusterID:26	84	54	0	0	2784	0
ClusterID:27	12	17	1	1	6	0
ClusterID:28	14	16	0	0	2	19
ClusterID:29	98	476	0	0	2040	0
ClusterID:30	100	1656	0	0	130	0
ClusterID:31	113	581	0	0	4862	0
ClusterID:32	19	29	0	0	31	21
ClusterID:33	5	4	0	0	0	0
ClusterID:34	1	0	0	0	0	0
ClusterID:35	39	25	0	0	251	0
ClusterID:36	47	166	0	0	552	0
ClusterID:37	25	14	0	0	253	0
ClusterID:38	7	11	0	0	1	0
ClusterID:39	2	1	0	0	0	0
ClusterID:40	39	318	0	0	308	0
ClusterID:41	25	88	0	0	0	0
ClusterID:42	39	66	0	0	295	0
ClusterID:43	120	2650	0	0	36	0
ClusterID:44	1	0	0	0	0	0
ClusterID:45	4	3	0	0	0	0
ClusterID:46	44	182	0	0	0	0
ClusterID:47	57	118	1	165	106	0
ClusterID:48	4	0	0	6	0	0
ClusterID:49	72	76	3	157	42	0
ClusterID:50	1	0	0	0	0	0
ClusterID:51	9	7	0	0	10	0
ClusterID:52	23	6	1	2	100	75
ClusterID:53	31	19	0	231	5	0
ClusterID:54	135	565	0	0	4359	0
ClusterID:55	1	0	0	0	0	0
ClusterID:56	26	34	0	0	50	0
ClusterID:57	41	368	0	0	120	0
ClusterID:58	6	5	0	0	3	0
ClusterID:59	42	205	1	0	327	0
ClusterID:60	21	72	0	0	0	0
ClusterID:61	23	15	0	0	171	0
ClusterID:62	1	0	0	0	0	0
ClusterID:63	10	12	0	0	0	0
ClusterID:64	21	19	0	0	49	49
ClusterID:65	1	0	0	0	0	0
ClusterID:66	4	4	0	0	0	0
ClusterID:67	138	1787	0	0	6736	0
ClusterID:68	78	396	0	0	616	0
ClusterID:69	2	1	0	0	0	0
ClusterID:70	13	37	0	0	5	0
ClusterID:71	12	14	0	0	28	0
ClusterID:72	60	164	1	6	435	0
ClusterID:73	14	8	0	15	3	1
ClusterID:74	15	12	0	0	26	0
ClusterID:75	7	6	3	0	6	0
ClusterID:76	2	1	0	0	0	0
ClusterID:77	2	1	0	0	0	0
ClusterID:78	42	92	0	0	424	0
ClusterID:79	22	16	0	0	94	0
ClusterID:80	13	12	0	0	0	0
ClusterID:81	10	9	0	0	0	0
ClusterID:82	1	0	0	0	0	0
ClusterID:83	2	1	0	0	0	0
ClusterID:84	80	850	0	1	8	0
ClusterID:85	1	0	0	0	0	0
ClusterID:86	67	584	0	0	1502	0
ClusterID:87	3	2	0	0	0	0
ClusterID:88	2	1	0	0	0	0
ClusterID:89	323	3039	0	8	16039	0
ClusterID:90	2	1	0	0	0	0
ClusterID:91	6	5	0	3	0	0
ClusterID:92	94	239	0	0	3110	0
ClusterID:93	7	6	0	0	0	0
ClusterID:94	10	10	0	0	0	0
ClusterID:95	75	212	0	3	978	0
ClusterID:96	27	32	0	12	122	0
ClusterID:97	11	17	0	0	22	0
ClusterID:98	63	40	4	3	133	284
ClusterID:99	1	0	0	0	0	0
ClusterID:100	13	13	0	0	0	0
ClusterID:101	16	11	3	0	4	28
ClusterID:102	6	6	0	0	0	0
ClusterID:103	60	68	3	0	257	567
ClusterID:104	13	6	0	0	6	10
ClusterID:105	9	8	0	0	0	0
ClusterID:106	3	1	0	0	1	0
ClusterID:107	24	26	0	0	78	0
ClusterID:108	9	16	0	0	0	0
ClusterID:109	4	1	0	3	0	0
ClusterID:110	115	75	0	11	2695	0
ClusterID:111	1	0	0	0	0	0
ClusterID:112	2	1	0	0	0	0
ClusterID:113	2	1	0	0	0	0
ClusterID:114	11	16	1	0	1	0
ClusterID:115	165	102	0	1	9725	0
ClusterID:116	1	0	0	0	0	0
ClusterID:117	4	4	0	0	0	0
ClusterID:118	25	42	0	0	20	91
ClusterID:119	6	5	0	0	0	0
ClusterID:120	4	3	0	0	0	0
ClusterID:121	3	2	0	0	0	0
ClusterID:122	4	3	0	0	0	0
ClusterID:123	4	4	1	0	2	0
ClusterID:124	10	9	0	0	1	0
ClusterID:125	5	8	0	0	0	0
ClusterID:126	34	61	0	0	0	0
ClusterID:127	40	181	0	0	406	0
ClusterID:128	9	7	0	0	28	0
ClusterID:129	58	171	0	0	792	0
ClusterID:130	78	243	0	0	515	0
ClusterID:131	41	89	0	1	536	0
ClusterID:132	11	20	0	15	14	0
ClusterID:133	4	3	0	0	3	0
ClusterID:134	11	6	0	3	55	0
ClusterID:135	1	0	0	0	0	0
ClusterID:136	2	1	0	0	0	0
ClusterID:137	83	91	0	0	2701	0
ClusterID:138	14	29	0	0	28	0
ClusterID:139	3	2	0	0	1	0
ClusterID:140	17	7	0	0	24	21
ClusterID:141	20	6	0	0	100	28
ClusterID:142	10	9	0	0	0	0
ClusterID:143	69	936	0	0	142	0
ClusterID:144	3	2	0	0	0	0
ClusterID:145	72	79	0	0	412	785
ClusterID:146	3	2	0	0	0	0
ClusterID:147	1	0	0	0	0	0
ClusterID:148	2	1	0	0	0	0
ClusterID:149	3	2	0	0	0	0
ClusterID:150	63	151	0	2	324	0
ClusterID:151	22	27	0	0	2	0
ClusterID:152	3	2	0	0	0	0
ClusterID:153	1	0	0	0	0	0
ClusterID:154	30	97	10	0	12	0
ClusterID:155	74	79	0	0	620	952
ClusterID:156	3	2	0	0	0	0
ClusterID:157	17	9	0	0	66	0
ClusterID:158	17	8	0	0	105	0
ClusterID:159	1	0	0	0	0	0
ClusterID:160	28	30	0	0	203	1
ClusterID:161	126	819	0	0	0	0
ClusterID:162	88	480	0	0	246	0
ClusterID:163	2	1	0	0	0	0
ClusterID:164	20	31	0	0	15	21
ClusterID:165	15	26	3	0	15	0
ClusterID:166	4	2	1	0	1	0
ClusterID:167	33	105	0	0	1	0
ClusterID:168	3	2	0	0	0	0
ClusterID:169	8	8	0	0	0	0
ClusterID:170	5	5	0	0	0	0
ClusterID:171	22	15	1	0	135	0
ClusterID:172	3	3	0	0	0	0
ClusterID:173	3	2	0	0	0	0
ClusterID:174	38	40	0	0	406	0
ClusterID:175	32	40	0	0	97	132
ClusterID:176	8	9	0	0	0	0
ClusterID:177	4	4	0	0	0	0
ClusterID:178	44	67	1	0	378	0
ClusterID:179	43	88	6	0	119	0
ClusterID:180	5	4	0	0	0	0
ClusterID:181	5	2	0	0	10	0
ClusterID:182	8	7	0	0	0	0
ClusterID:183	1	0	0	0	0	0
ClusterID:184	68	49	0	0	1384	0
ClusterID:185	37	66	21	1	46	0
ClusterID:186	4	4	0	0	0	0
ClusterID:187	20	14	0	0	93	0
ClusterID:188	11	24	0	0	15	0
ClusterID:189	38	184	0	0	4	0
ClusterID:190	38	61	0	1	247	0
ClusterID:191	8	10	0	0	3	0
ClusterID:192	33	32	0	0	0	0
ClusterID:193	3	2	0	0	0	0
ClusterID:194	23	116	0	0	77	0
ClusterID:195	3	2	0	0	0	0
ClusterID:196	31	47	0	0	351	0
ClusterID:197	19	19	6	1	78	6
ClusterID:198	12	16	0	0	0	0
ClusterID:199	51	257	0	0	119	0
ClusterID:200	7	6	0	0	0	0
ClusterID:201	57	63	3	0	618	1
ClusterID:202	38	37	0	0	0	0
ClusterID:203	10	7	0	0	7	21
ClusterID:204	42	155	0	0	15	0
ClusterID:205	2	1	0	0	0	0
ClusterID:206	86	110	78	22	2156	0
ClusterID:207	11	15	0	0	1	0
ClusterID:208	29	30	0	0	253	0
ClusterID:209	6	5	1	0	1	0
ClusterID:210	17	19	0	0	0	0
ClusterID:211	3	2	0	0	0	0
ClusterID:212	1	0	0	0	0	0
ClusterID:213	9	19	0	0	3	0
ClusterID:214	3	3	0	0	0	0
ClusterID:215	5	4	0	0	0	0
ClusterID:216	50	110	0	0	351	0
ClusterID:217	29	22	0	0	48	101
ClusterID:218	2	1	0	0	0	0
ClusterID:219	25	46	0	0	175	0
ClusterID:220	8	12	0	0	0	0
ClusterID:221	11	12	0	0	0	0
ClusterID:222	22	81	0	0	0	0
ClusterID:223	2	1	0	0	0	0
ClusterID:224	51	269	0	0	143	0
ClusterID:225	2	1	0	0	0	0
ClusterID:226	39	215	0	0	339	0
ClusterID:227	52	66	0	0	449	0
ClusterID:228	3	2	0	0	0	0
ClusterID:229	2	1	0	0	0	0
ClusterID:230	56	227	0	0	309	0
ClusterID:231	21	115	0	0	0	0
ClusterID:232	146	255	3	23	3368	66
ClusterID:233	4	4	0	0	0	0
ClusterID:234	21	86	0	0	66	0
ClusterID:235	13	20	6	0	39	0
ClusterID:236	3	2	0	0	0	0
ClusterID:237	6	6	0	0	0	0
ClusterID:238	19	64	0	0	2	0
ClusterID:239	16	23	0	3	1	0
ClusterID:240	4	5	0	0	0	0
ClusterID:241	13	5	1	0	4	38
ClusterID:242	2	1	0	0	0	0
ClusterID:243	5	4	0	0	0	0
ClusterID:244	2	1	0	0	0	0
ClusterID:245	32	28	0	6	259	0
ClusterID:246	2	1	0	0	0	0
ClusterID:247	10	15	0	0	10	0
ClusterID:248	4	4	0	0	0	0
ClusterID:249	6	6	0	0	3	0
ClusterID:250	16	11	0	0	13	55
ClusterID:251	44	29	0	10	604	0
ClusterID:252	36	12	3	13	54	115
ClusterID:253	12	19	1	0	0	0
ClusterID:254	12	25	0	0	0	0
ClusterID:255	1	0	0	0	0	0
ClusterID:256	45	73	1	0	459	0
ClusterID:257	53	226	0	0	0	0
ClusterID:258	15	17	0	0	67	0
ClusterID:259	28	51	0	0	1	0
ClusterID:260	7	4	0	1	1	0
ClusterID:261	3	2	0	0	0	0
ClusterID:262	6	6	0	0	1	0
ClusterID:263	22	13	0	0	60	81
ClusterID:264	5	4	0	0	0	0
ClusterID:265	8	10	0	0	0	0
ClusterID:266	11	12	0	0	0	0
ClusterID:267	65	644	0	0	584	0
ClusterID:268	2	1	0	0	0	0
ClusterID:269	27	62	3	0	34	0
ClusterID:270	127	4156	0	0	4166	0
ClusterID:271	52	51	0	1	291	0
ClusterID:272	9	9	0	0	0	0
ClusterID:273	3	2	0	0	0	0
ClusterID:274	7	7	0	0	0	0
ClusterID:275	3	2	0	0	0	0
ClusterID:276	18	8	0	0	16	62
ClusterID:277	20	46	0	0	0	0
ClusterID:278	11	11	0	0	0	0
ClusterID:279	5	6	0	0	0	0
ClusterID:280	10	14	0	0	0	0
ClusterID:281	30	31	0	6	92	0
ClusterID:282	11	13	4	0	16	0
ClusterID:283	9	23	0	0	1	0
ClusterID:284	7	4	0	2	0	0
ClusterID:285	6	5	0	0	0	0
ClusterID:286	3	2	0	0	0	0
ClusterID:287	33	54	0	0	25	9
ClusterID:288	12	14	0	0	0	0
ClusterID:289	16	9	0	17	2	0
ClusterID:290	94	171	21	0	1287	0
ClusterID:291	32	54	0	0	325	0
ClusterID:292	16	32	0	0	15	0
ClusterID:293	10	11	0	0	0	0
ClusterID:294	3	2	0	0	0	0
ClusterID:295	16	8	0	0	33	10
ClusterID:296	10	9	0	0	0	0
ClusterID:297	2	1	0	0	0	0
ClusterID:298	5	6	0	0	0	0
ClusterID:299	6	5	0	0	3	0
ClusterID:300	7	6	0	0	0	0
ClusterID:301	41	110	0	0	476	0
ClusterID:302	11	10	0	0	0	0
ClusterID:303	50	56	6	0	117	362
ClusterID:304	48	149	0	0	1	0
ClusterID:305	7	4	0	0	1	6
ClusterID:306	4	3	0	0	0	0
ClusterID:307	9	13	0	0	3	0
ClusterID:308	5	5	0	0	1	0
ClusterID:309	21	27	3	0	67	0
ClusterID:310	1	0	0	0	0	0
ClusterID:311	3	2	0	0	0	0
ClusterID:312	3	2	0	0	0	0
ClusterID:313	27	124	0	0	1	0
ClusterID:314	57	102	0	0	1	0
ClusterID:315	7	11	0	0	1	0
ClusterID:316	25	9	0	0	276	0
ClusterID:317	4	4	0	0	0	0
ClusterID:318	25	63	0	1	1	0
ClusterID:319	17	30	0	0	10	0
ClusterID:320	14	19	0	1	0	0
ClusterID:321	3	2	0	0	1	0
ClusterID:322	3	2	0	0	0	0
ClusterID:323	1	0	0	0	0	0
ClusterID:324	9	10	0	0	1	1
ClusterID:325	2	1	0	0	0	0
ClusterID:326	92	53	0	0	3015	0
ClusterID:327	6	5	0	0	0	0
ClusterID:328	11	11	0	0	0	0
ClusterID:329	2	1	0	0	0	0
ClusterID:330	1	0	0	0	0	0
ClusterID:331	1	0	0	0	0	0
ClusterID:332	3	2	0	0	0	0
ClusterID:333	4	5	0	0	0	0
ClusterID:334	2	1	0	0	0	0
ClusterID:335	4	3	0	0	0	0
ClusterID:336	17	51	1	0	10	0
ClusterID:337	1	0	0	0	0	0
ClusterID:338	6	6	0	0	0	0
ClusterID:339	4	3	0	0	0	0
ClusterID:340	5	5	0	0	0	0
ClusterID:341	3	2	0	0	0	0
ClusterID:342	12	18	0	0	0	0
ClusterID:343	4	3	0	0	0	0
ClusterID:344	40	53	4	4	221	0
ClusterID:345	26	26	0	0	120	0
ClusterID:346	5	6	0	0	0	0
ClusterID:347	34	51	0	0	84	18
ClusterID:348	2	1	0	0	0	0
ClusterID:349	16	15	0	0	4	19
ClusterID:350	3	2	0	0	0	0
ClusterID:351	2	1	0	0	0	0
ClusterID:352	14	24	0	1	6	0
ClusterID:353	53	983	0	0	20	0
ClusterID:354	45	163	0	0	435	0
ClusterID:355	2	1	0	0	0	0
ClusterID:356	5	3	0	3	1	0
ClusterID:357	21	36	0	0	3	0
ClusterID:358	3	3	0	0	0	0
ClusterID:359	47	49	0	0	0	0
ClusterID:360	9	8	0	0	0	0
ClusterID:361	84	607	0	0	2495	0
ClusterID:362	55	32	6	1	329	517
ClusterID:363	4	3	1	0	3	0
ClusterID:364	4	3	0	0	0	0
ClusterID:365	54	280	0	0	301	0
ClusterID:366	5	4	0	0	0	0
ClusterID:367	1	0	0	0	0	0
ClusterID:368	4	3	0	0	0	0
ClusterID:369	32	84	0	0	210	0
ClusterID:370	35	56	0	0	351	5
ClusterID:371	14	15	0	0	0	0
ClusterID:372	5	5	0	0	0	0
ClusterID:373	7	4	0	1	6	5
ClusterID:374	13	14	0	0	15	0
ClusterID:375	2	1	0	0	0	0
ClusterID:376	5	1	1	3	4	0
ClusterID:377	14	38	0	0	6	0
ClusterID:378	4	1	3	0	6	0
ClusterID:379	8	9	0	0	1	0
ClusterID:380	4	3	0	0	0	0
ClusterID:381	7	10	0	0	0	0
ClusterID:382	55	149	0	0	265	0
ClusterID:383	13	2	0	78	25	0
ClusterID:384	4	3	0	0	0	0
ClusterID:385	10	16	0	0	1	0
ClusterID:386	16	19	0	0	26	0
ClusterID:387	9	8	0	0	0	0
ClusterID:388	29	164	0	0	0	0
ClusterID:389	10	9	0	0	0	0
ClusterID:390	18	17	6	0	20	0
ClusterID:391	30	50	0	0	45	0
ClusterID:392	73	349	0	2	49	0
ClusterID:393	2	1	0	0	0	0
ClusterID:394	3	2	0	0	0	0
ClusterID:395	4	3	0	0	0	0
ClusterID:396	17	2	0	0	30	45
ClusterID:397	6	5	0	0	1	0
ClusterID:398	10	13	0	0	0	0
ClusterID:399	41	14	1	2	53	184
ClusterID:400	6	5	0	0	0	0
ClusterID:401	10	10	0	0	3	0
ClusterID:402	3	2	0	0	0	0
ClusterID:403	2	1	0	0	0	0
ClusterID:404	1	0	0	0	0	0
ClusterID:405	1	0	0	0	0	0
ClusterID:406	14	25	0	0	10	1
ClusterID:407	2	1	0	0	0	0
ClusterID:408	4	3	0	0	0	0
ClusterID:409	7	6	0	0	0	0
ClusterID:410	6	2	0	0	6	0
ClusterID:411	2	1	0	0	0	0
ClusterID:412	6	5	0	0	0	0
ClusterID:413	16	22	0	0	0	0
ClusterID:414	2	1	0	0	0	0
ClusterID:415	11	9	0	0	36	0
ClusterID:416	3	2	0	0	0	0
ClusterID:417	11	10	0	0	0	0
ClusterID:418	2	1	0	0	0	0
ClusterID:419	11	11	0	0	0	0
ClusterID:420	4	3	0	0	0	0
ClusterID:421	7	6	0	0	0	0
ClusterID:422	15	10	0	0	11	6
ClusterID:423	20	14	0	10	35	92
ClusterID:424	11	10	0	0	0	0
ClusterID:425	5	4	0	0	0	0
ClusterID:426	7	6	0	0	0	0
ClusterID:427	2	1	0	0	0	0
ClusterID:428	7	13	0	0	0	0
ClusterID:429	5	4	0	0	0	0
ClusterID:430	2	1	0	0	0	0
ClusterID:431	8	4	0	0	21	0
ClusterID:432	18	21	0	0	1	0
ClusterID:433	5	6	0	3	6	3
ClusterID:434	3	2	0	0	0	0
ClusterID:435	3	2	0	0	0	0
ClusterID:436	42	57	3	0	57	346
ClusterID:437	1	0	0	0	0	0
ClusterID:438	3	2	0	0	0	0
ClusterID:439	5	4	0	0	3	0
ClusterID:440	105	79	1	0	4284	0
ClusterID:441	7	6	0	0	0	0
ClusterID:442	19	35	1	0	1	0
ClusterID:443	10	9	0	0	0	0
ClusterID:444	4	2	0	1	0	0
ClusterID:445	6	6	0	0	9	0
ClusterID:446	28	12	0	0	136	209
ClusterID:447	4	4	0	0	0	0
ClusterID:448	1	0	0	0	0	0
ClusterID:449	2	1	0	0	1	0
ClusterID:450	6	5	0	0	0	0
ClusterID:451	62	102	0	0	406	0
ClusterID:452	6	5	0	0	0	0
ClusterID:453	71	33	6	300	493	0
ClusterID:454	9	11	0	0	3	0
ClusterID:455	9	10	0	0	0	0
ClusterID:456	25	33	6	0	20	49
ClusterID:457	39	58	0	0	384	0
ClusterID:458	4	4	0	0	0	0
ClusterID:459	22	7	0	0	5	110
ClusterID:460	7	1	0	0	21	0
ClusterID:461	53	71	0	0	466	0
ClusterID:462	17	22	0	0	0	0
ClusterID:463	2	1	0	0	0	0
ClusterID:464	2	1	0	0	0	0
ClusterID:465	73	192	1	7	565	0
ClusterID:466	4	3	0	0	0	0
ClusterID:467	10	9	0	0	0	0
ClusterID:468	2	1	0	0	0	0
ClusterID:469	2	1	0	0	0	0
ClusterID:470	10	10	0	0	9	0
ClusterID:471	91	90	0	0	0	0
ClusterID:472	27	52	0	0	13	0
ClusterID:473	60	256	0	72	426	591
ClusterID:474	37	110	0	0	15	0
ClusterID:475	32	80	0	0	21	45
ClusterID:476	20	28	0	0	78	0
ClusterID:477	2	1	0	0	0	0
ClusterID:478	3	2	0	0	0	0
ClusterID:479	6	5	0	0	1	0
ClusterID:480	10	11	28	0	11	0
ClusterID:481	8	9	0	0	0	0
ClusterID:482	1	0	0	0	0	0
ClusterID:483	50	212	0	0	235	0
ClusterID:484	31	30	0	0	0	0
ClusterID:485	38	85	0	0	0	0
ClusterID:486	2	1	0	0	0	0
ClusterID:487	11	16	0	0	0	0
ClusterID:488	10	10	0	0	0	0
ClusterID:489	19	20	3	0	48	3
ClusterID:490	29	27	6	72	33	0
ClusterID:491	13	12	0	0	0	0
ClusterID:492	21	39	0	0	18	0
ClusterID:493	11	10	0	0	15	1
ClusterID:494	55	59	78	2	128	668
ClusterID:495	2	1	0	0	0	0
ClusterID:496	6	7	0	0	0	0
ClusterID:497	36	243	0	0	3	0
ClusterID:498	47	78	1	232	66	1
ClusterID:499	270	2440	0	1	10	0
ClusterID:500	26	53	0	0	0	0
ClusterID:501	35	8	0	0	107	295
ClusterID:502	2	1	0	0	0	0
ClusterID:503	11	10	0	0	0	0
ClusterID:504	5	8	0	0	1	0
ClusterID:505	4	4	0	0	0	0
ClusterID:506	34	61	0	0	67	0
ClusterID:507	5	5	0	0	0	0
ClusterID:508	75	225	0	0	2235	0
ClusterID:509	14	16	0	0	1	0
ClusterID:510	3	2	0	0	0	0
ClusterID:511	4	4	0	0	1	0
ClusterID:512	5	4	0	0	0	0
ClusterID:513	12	19	0	0	0	0
ClusterID:514	5	4	0	0	0	0
ClusterID:515	6	5	0	0	0	0
ClusterID:516	2	1	0	0	0	0
ClusterID:517	2	1	0	0	0	0
ClusterID:518	68	128	6	239	45	1
ClusterID:519	7	5	0	0	1	0
ClusterID:520	14	30	0	0	10	0
ClusterID:521	2	1	0	0	0	0
ClusterID:522	17	28	0	0	18	0
ClusterID:523	53	34	3	378	19	103
ClusterID:524	7	7	0	0	0	0
ClusterID:525	5	4	0	0	0	0
ClusterID:526	3	3	0	0	0	0
ClusterID:527	8	10	1	0	3	0
ClusterID:528	8	7	0	0	0	0
ClusterID:529	7	6	0	0	0	0
ClusterID:530	12	11	0	0	3	0
ClusterID:531	345	634	0	0	43071	0
ClusterID:532	3	2	0	0	0	0
ClusterID:533	15	15	0	0	0	0
ClusterID:534	7	6	0	0	0	0
ClusterID:535	2	1	0	0	0	0
ClusterID:536	2	1	0	0	0	0
ClusterID:537	6	0	0	0	1	14
ClusterID:538	2	1	0	0	0	0
ClusterID:539	17	27	0	0	78	0
ClusterID:540	35	156	0	1	1	0
ClusterID:541	2	1	0	0	0	0
ClusterID:542	6	2	0	0	6	1
ClusterID:543	6	5	0	0	0	0
ClusterID:544	3	2	0	0	0	0
ClusterID:545	26	30	0	0	148	0
ClusterID:546	23	22	0	0	7	0
ClusterID:547	4	3	0	0	1	0
ClusterID:548	3	2	0	0	0	0
ClusterID:549	90	347	1	0	1214	0
ClusterID:550	9	8	0	0	0	0
ClusterID:551	4	3	0	0	0	0
ClusterID:552	2	1	0	0	0	0
ClusterID:553	12	21	0	0	0	0
ClusterID:554	25	54	0	0	0	0
ClusterID:555	4	3	0	0	0	0
ClusterID:556	178	153	10	4	11198	0
ClusterID:557	2	1	0	0	0	0
ClusterID:558	18	29	0	3	1	0
ClusterID:559	62	318	1	3	900	0
ClusterID:560	8	8	0	0	1	0
ClusterID:561	30	27	0	1	34	142
ClusterID:562	2	1	0	0	0	0
ClusterID:563	18	12	0	0	45	0
ClusterID:564	6	5	0	0	0	0
ClusterID:565	29	16	2	1	24	153
ClusterID:566	4	5	0	0	1	0
ClusterID:567	3	2	0	0	0	0
ClusterID:568	61	29	3	1	1540	0
ClusterID:569	6	6	0	0	0	0
ClusterID:570	6	7	0	0	0	0
ClusterID:571	16	12	1	6	6	0
ClusterID:572	20	19	0	0	0	0
ClusterID:573	2	1	0	0	0	0
ClusterID:574	22	71	0	0	0	0
ClusterID:575	56	160	36	0	241	0
ClusterID:576	26	47	0	1	136	0
ClusterID:577	2	1	0	0	0	0
ClusterID:578	10	12	0	0	0	0
ClusterID:579	4	3	0	0	0	0
ClusterID:580	13	29	0	0	0	0
ClusterID:581	1	0	0	0	0	0
ClusterID:582	17	16	0	0	6	0
ClusterID:583	10	16	0	0	0	0
ClusterID:584	13	30	0	0	0	0
ClusterID:585	15	29	0	0	0	0
ClusterID:586	1	0	0	0	0	0
ClusterID:587	4	4	3	0	3	0
ClusterID:588	1	0	0	0	0	0
ClusterID:589	8	13	0	3	6	0
ClusterID:590	6	5	0	0	0	0
ClusterID:591	18	28	0	0	0	0
ClusterID:592	10	12	0	0	0	0
ClusterID:593	5	5	0	0	1	0
ClusterID:594	10	15	0	0	0	0
ClusterID:595	66	140	6	0	284	0
ClusterID:596	10	9	0	0	0	0
ClusterID:597	2	1	0	0	0	0
ClusterID:598	23	8	0	0	36	136
ClusterID:599	44	107	0	0	519	0
ClusterID:600	20	28	0	0	3	0
ClusterID:601	3	2	0	0	0	0
ClusterID:602	8	8	0	1	1	0
ClusterID:603	4	3	0	0	0	0
ClusterID:604	1	0	0	0	0	0
ClusterID:605	69	68	0	0	0	0
ClusterID:606	6	5	0	0	0	0
ClusterID:607	7	6	0	0	0	0
ClusterID:608	54	46	0	0	35	0
ClusterID:609	2	1	0	0	1	0
ClusterID:610	2	1	0	0	0	0
ClusterID:611	2	1	0	0	0	0
ClusterID:612	12	16	0	0	0	0
ClusterID:613	46	64	21	0	217	0
ClusterID:614	34	142	0	15	10	0
ClusterID:615	3	2	0	0	0	0
ClusterID:616	124	505	0	0	3655	0
ClusterID:617	2	1	0	0	0	0
ClusterID:618	4	3	0	0	0	0
ClusterID:619	5	4	0	0	0	0
ClusterID:620	98	353	0	3	2742	1
ClusterID:621	21	41	0	0	0	0
ClusterID:622	2	1	0	0	0	0
ClusterID:623	12	14	0	0	0	0
ClusterID:624	4	3	0	0	0	0
ClusterID:625	1	0	0	0	0	0
ClusterID:626	11	2	0	0	51	0
ClusterID:627	2	1	0	0	0	0
ClusterID:628	2	1	0	0	0	0
ClusterID:629	2	1	0	0	0	0
ClusterID:630	23	20	3	45	20	0
ClusterID:631	6	5	0	0	0	0
ClusterID:632	4	3	0	0	0	0
ClusterID:633	7	11	0	0	0	0
ClusterID:634	4	5	0	0	0	0
ClusterID:635	6	8	1	0	3	3
ClusterID:636	12	12	0	0	1	0
ClusterID:637	55	94	0	1	666	0
ClusterID:638	8	7	0	0	1	0
ClusterID:639	10	8	1	1	15	0
ClusterID:640	4	3	0	0	0	0
ClusterID:641	22	28	0	0	0	0
ClusterID:642	14	8	0	19	7	0
ClusterID:643	61	116	0	0	313	334
ClusterID:644	18	10	6	26	15	11
ClusterID:645	6	5	0	0	0	0
ClusterID:646	10	9	0	3	1	0
ClusterID:647	14	17	3	0	21	0
ClusterID:648	10	13	0	0	0	0
ClusterID:649	17	13	3	13	5	1
ClusterID:650	7	8	0	0	0	0
ClusterID:651	2	1	0	0	0	0
ClusterID:652	24	23	0	0	0	0
ClusterID:653	8	7	0	0	0	0
ClusterID:654	17	40	0	0	6	0
ClusterID:655	18	22	0	0	0	0
ClusterID:656	2	1	0	0	0	0
ClusterID:657	6	5	0	0	0	0
ClusterID:658	2	1	0	0	0	0
ClusterID:659	123	907	0	0	2431	0
ClusterID:660	12	2	0	0	24	40
ClusterID:661	2	1	0	0	0	0
ClusterID:662	4	3	0	0	0	0
ClusterID:663	2	1	0	0	0	0
ClusterID:664	2	1	0	0	0	0
ClusterID:665	15	10	0	0	2	15
ClusterID:666	5	4	0	0	0	0
ClusterID:667	2	1	0	0	0	0
ClusterID:668	24	14	45	0	134	66
ClusterID:669	8	2	0	3	21	0
ClusterID:670	3	2	0	0	0	0
ClusterID:671	42	32	1	1	251	0
ClusterID:672	6	6	0	0	0	0
ClusterID:673	22	23	0	0	7	12
ClusterID:674	12	20	0	0	0	0
ClusterID:675	73	974	0	0	29	0
ClusterID:676	42	21	0	0	509	0
ClusterID:677	6	5	0	0	0	0
ClusterID:678	12	23	0	0	0	0
ClusterID:679	39	38	0	0	0	0
ClusterID:680	8	7	0	0	0	0
ClusterID:681	110	739	0	6	15	0
ClusterID:682	5	4	0	0	0	0
ClusterID:683	8	8	0	0	0	0
ClusterID:684	3	2	0	0	0	0
ClusterID:685	6	7	0	0	0	0
ClusterID:686	8	7	0	0	0	0
ClusterID:687	3	2	0	0	0	0
ClusterID:688	10	14	0	0	0	0
ClusterID:689	7	5	0	0	1	0
ClusterID:690	4	3	0	0	0	0
ClusterID:691	2	1	0	0	0	0
ClusterID:692	2	1	0	0	0	0
ClusterID:693	2	1	0	0	0	0
ClusterID:694	3	2	0	0	0	0
ClusterID:695	7	8	0	0	0	0
ClusterID:696	5	4	0	0	0	0
ClusterID:697	8	6	0	3	0	0
ClusterID:698	5	4	0	0	0	0
ClusterID:699	3	2	0	0	0	0
ClusterID:700	8	8	0	0	0	0
ClusterID:701	2	1	0	0	0	0
ClusterID:702	13	23	0	0	0	0
ClusterID:703	2	1	0	0	0	0
ClusterID:704	14	15	0	0	0	0
ClusterID:705	25	25	0	0	1	0
ClusterID:706	5	1	0	6	1	0
ClusterID:707	20	26	0	0	1	0
ClusterID:708	7	4	0	0	1	6
ClusterID:709	2	1	0	0	0	0
ClusterID:710	1	0	0	0	0	0
ClusterID:711	17	23	1	0	17	0
ClusterID:712	10	16	0	0	0	0
ClusterID:713	25	25	0	0	0	0
ClusterID:714	1	0	0	0	0	0
ClusterID:715	4	3	0	0	1	0
ClusterID:716	1	0	0	0	0	0
ClusterID:717	2	1	0	0	0	0
ClusterID:718	3	2	0	0	0	0
ClusterID:719	76	66	0	3	1506	0
ClusterID:720	12	3	0	21	11	0
ClusterID:721	7	6	0	0	0	0
ClusterID:722	2	1	0	0	0	0
ClusterID:723	9	11	0	0	0	3
ClusterID:724	11	11	0	0	0	0
ClusterID:725	9	20	0	0	1	0
ClusterID:726	2	1	0	0	0	0
ClusterID:727	6	6	0	0	0	0
ClusterID:728	106	270	0	0	3321	0
ClusterID:729	26	130	0	0	1	0
ClusterID:730	4	3	0	0	0	0
ClusterID:731	3	2	0	0	0	0
ClusterID:732	3	3	0	0	0	0
ClusterID:733	10	11	0	0	0	0
ClusterID:734	21	25	0	0	85	0
ClusterID:735	2	1	0	0	0	0
ClusterID:736	6	5	0	0	0	0
ClusterID:737	3	2	0	0	0	0
ClusterID:738	5	6	0	0	0	0
ClusterID:739	11	12	0	0	0	0
ClusterID:740	7	6	0	0	0	0
ClusterID:741	41	41	0	0	0	0
ClusterID:742	13	25	0	0	3	0
ClusterID:743	2	1	0	0	0	0
ClusterID:744	55	22	0	0	390	228
ClusterID:745	9	15	0	0	0	0
ClusterID:746	9	8	0	0	0	0
ClusterID:747	12	8	0	0	7	36
ClusterID:748	19	20	3	1	22	78
ClusterID:749	108	107	0	0	0	0
ClusterID:750	5	7	0	0	0	0
ClusterID:751	6	4	0	1	0	0
ClusterID:752	3	2	0	0	0	0
ClusterID:753	46	15	0	0	136	407
ClusterID:754	81	98	1	0	1224	0
ClusterID:755	15	21	0	0	4	0
ClusterID:756	45	156	0	0	3	0
ClusterID:757	53	53	0	0	0	0
ClusterID:758	6	5	0	0	0	0
ClusterID:759	1	0	0	0	0	0
ClusterID:760	19	30	0	3	6	0
ClusterID:761	5	4	0	0	0	0
ClusterID:762	47	17	1	1	161	186
ClusterID:763	9	26	0	0	3	0
ClusterID:764	6	9	0	0	0	0
ClusterID:765	2	1	0	0	0	0
ClusterID:766	8	9	1	0	1	0
ClusterID:767	13	15	0	0	1	0
ClusterID:768	10	11	3	0	6	0
ClusterID:769	29	34	0	0	1	0
ClusterID:770	6	6	0	0	0	0
ClusterID:771	5	5	0	0	0	0
ClusterID:772	2	1	0	0	0	0
ClusterID:773	1	0	0	0	0	0
ClusterID:774	20	36	1	0	1	1
ClusterID:775	1	0	0	0	0	0
ClusterID:776	15	47	0	0	0	0
ClusterID:777	135	1094	0	0	26	39
ClusterID:778	1	0	0	0	0	0
ClusterID:779	120	797	6	0	35	0
ClusterID:780	11	19	0	0	1	0
ClusterID:781	4	3	0	0	0	0
ClusterID:782	10	9	0	0	0	0
ClusterID:783	6	5	0	0	0	0
ClusterID:784	24	8	6	0	110	0
ClusterID:785	3	2	0	0	0	0
ClusterID:786	12	11	1	0	1	0
ClusterID:787	19	2	0	1	36	80
ClusterID:788	4	3	0	0	0	0
ClusterID:789	10	13	0	0	0	0
ClusterID:790	43	134	0	0	193	1
ClusterID:791	14	15	0	0	0	0
ClusterID:792	15	11	0	0	41	0
ClusterID:793	16	14	0	0	36	0
ClusterID:794	7	6	0	0	0	0
ClusterID:795	3	2	0	0	0	0
ClusterID:796	3	2	0	0	0	0
ClusterID:797	2	1	0	0	0	0
ClusterID:798	17	10	0	7	37	0
ClusterID:799	7	6	0	0	0	0
ClusterID:800	1	0	0	0	0	0
ClusterID:801	67	52	0	3	845	354
ClusterID:802	4	3	0	0	0	0
ClusterID:803	1	0	0	0	0	0
ClusterID:804	17	45	0	0	3	0
ClusterID:805	18	77	0	0	0	0
ClusterID:806	5	4	0	0	0	0
ClusterID:807	1	0	0	0	0	0
ClusterID:808	4	3	0	0	0	0
ClusterID:809	24	30	0	0	107	0
ClusterID:810	1	0	0	0	0	0
ClusterID:811	2	1	0	0	0	0
ClusterID:812	12	9	0	0	0	3
ClusterID:813	6	5	0	0	0	0
ClusterID:814	5	5	0	0	0	0
ClusterID:815	5	3	1	0	1	0
ClusterID:816	1	0	0	0	0	0
ClusterID:817	13	12	0	0	0	0
ClusterID:818	20	62	0	0	0	0
ClusterID:819	31	10	1	0	351	0
ClusterID:820	80	914	0	0	2035	1081
ClusterID:821	4	3	0	0	0	0
ClusterID:822	4	3	0	0	0	0
ClusterID:823	178	177	0	0	0	0
ClusterID:824	8	2	0	0	3	13
ClusterID:825	12	4	0	18	1	0
ClusterID:826	3	2	0	0	0	0
ClusterID:827	9	10	0	0	0	0
ClusterID:828	4	3	0	0	0	0
ClusterID:829	6	5	0	0	1	0
ClusterID:830	8	10	0	0	0	0
ClusterID:831	6	6	0	0	0	0
ClusterID:832	5	4	0	0	0	0
ClusterID:833	7	6	0	0	0	0
ClusterID:834	6	4	0	1	0	0
ClusterID:835	2	1	0	0	1	0
ClusterID:836	19	18	1	2	5	30
ClusterID:837	26	35	0	3	3	5
ClusterID:838	25	23	0	0	29	100
ClusterID:839	29	21	10	67	13	1
ClusterID:840	1	0	0	0	0	0
ClusterID:841	19	8	0	0	29	58
ClusterID:842	7	10	0	1	1	0
ClusterID:843	32	83	10	0	17	0
ClusterID:844	4	3	0	0	0	0
ClusterID:845	26	23	0	0	28	0
ClusterID:846	1	0	0	0	0	0
ClusterID:847	2	1	0	0	0	0
ClusterID:848	18	2	0	0	78	77
ClusterID:849	5	4	0	0	0	0
ClusterID:850	11	13	0	0	0	0
ClusterID:851	12	11	0	0	0	0
ClusterID:852	32	5	0	0	138	149
ClusterID:853	1	0	0	0	0	0
ClusterID:854	1	0	0	0	0	0
ClusterID:855	1	0	0	0	0	0
ClusterID:856	2	1	0	0	0	0
ClusterID:857	1	0	0	0	0	0
ClusterID:858	17	21	0	0	1	0
ClusterID:859	7	8	0	0	1	0
ClusterID:860	2	1	0	0	0	0
ClusterID:861	6	6	0	0	0	0
ClusterID:862	6	5	0	0	0	0
ClusterID:863	1	0	0	0	0	0
ClusterID:864	2	1	0	0	0	0
ClusterID:865	30	16	1	3	79	73
ClusterID:866	1	0	0	0	0	0
ClusterID:867	3	2	0	0	0	0
ClusterID:868	4	3	0	0	0	0
ClusterID:869	16	28	0	0	1	0
ClusterID:870	5	4	0	0	0	0
ClusterID:871	5	4	0	0	0	0
ClusterID:872	12	14	0	0	0	0
ClusterID:873	16	11	0	1	16	28
ClusterID:874	14	10	0	0	0	21
ClusterID:875	67	51	0	1	514	664
ClusterID:876	1	0	0	0	0	0
ClusterID:877	6	5	0	0	0	0
ClusterID:878	4	4	0	0	0	0
ClusterID:879	8	7	0	0	0	0
ClusterID:880	3	2	0	0	0	0
ClusterID:881	24	12	3	59	14	0
ClusterID:882	31	104	3	0	8	0
ClusterID:883	10	13	0	0	0	0
ClusterID:884	9	8	0	0	0	0
ClusterID:885	7	6	0	0	1	0
ClusterID:886	10	5	0	1	12	0
ClusterID:887	2	1	0	0	0	0
ClusterID:888	4	3	0	0	0	0
ClusterID:889	6	0	0	0	15	0
ClusterID:890	7	6	0	0	0	0
ClusterID:891	35	47	3	0	408	0
ClusterID:892	1	0	0	0	0	0
ClusterID:893	4	3	0	0	0	0
ClusterID:894	7	6	0	0	0	0
ClusterID:895	3	2	0	0	0	0
ClusterID:896	2	1	0	0	0	0
ClusterID:897	5	2	0	0	1	3
ClusterID:898	1	0	0	0	0	0
ClusterID:899	14	13	0	0	0	0
ClusterID:900	10	9	0	0	0	0
ClusterID:901	10	8	6	0	6	0
ClusterID:902	29	63	55	0	58	0
ClusterID:903	12	9	0	0	34	0
ClusterID:904	7	7	0	0	0	0
ClusterID:905	17	17	0	0	0	0
ClusterID:906	3	1	0	0	1	0
ClusterID:907	23	18	3	40	8	10
ClusterID:908	7	7	0	0	0	0
ClusterID:909	1	0	0	0	0	0
ClusterID:910	7	6	0	0	0	0
ClusterID:911	1	0	0	0	0	0
ClusterID:912	14	28	0	7	10	0
ClusterID:913	3	2	0	0	0	0
ClusterID:914	15	12	0	11	0	0
ClusterID:915	10	6	10	0	14	0
ClusterID:916	65	328	0	0	3	0
ClusterID:917	22	87	0	0	0	0
ClusterID:918	1	0	0	0	0	0
ClusterID:919	147	118	5	1	7142	0
ClusterID:920	6	6	0	0	0	0
ClusterID:921	40	39	0	0	0	0
ClusterID:922	10	11	0	0	0	0
ClusterID:923	6	5	0	0	0	0
ClusterID:924	5	4	0	0	0	0
ClusterID:925	3	2	0	0	0	0
ClusterID:926	5	6	0	0	0	0
ClusterID:927	4	3	0	0	0	0
ClusterID:928	17	85	0	0	0	0
ClusterID:929	6	5	0	0	0	0
ClusterID:930	5	5	0	0	0	0
ClusterID:931	7	3	0	0	3	13
ClusterID:932	7	7	0	0	1	0
ClusterID:933	20	6	0	0	106	0
ClusterID:934	37	90	10	0	45	0
ClusterID:935	30	15	0	72	11	18
ClusterID:936	7	10	0	0	0	0
ClusterID:937	3	2	0	0	0	0
ClusterID:938	12	11	0	0	0	0
ClusterID:939	113	1074	0	0	2291	0
ClusterID:940	6	5	0	0	0	0
ClusterID:941	7	6	0	0	0	0
ClusterID:942	11	10	0	0	0	0
ClusterID:943	3	2	0	0	0	0
ClusterID:944	1	0	0	0	0	0
ClusterID:945	10	9	10	0	10	0
ClusterID:946	1	0	0	0	0	0
ClusterID:947	8	7	0	0	1	0
ClusterID:948	8	3	0	0	16	0
ClusterID:949	11	18	0	0	0	0
ClusterID:950	7	14	0	0	0	0
ClusterID:951	11	15	0	0	0	0
ClusterID:952	4	3	0	0	0	0
ClusterID:953	10	5	0	0	15	36
ClusterID:954	21	26	0	1	0	0
ClusterID:955	1	0	0	0	0	0
ClusterID:956	5	4	0	0	0	0
ClusterID:957	8	4	0	0	11	22
ClusterID:958	4	3	0	0	0	0
ClusterID:959	3	2	0	0	0	0
ClusterID:960	24	21	0	0	10	0
ClusterID:961	1	0	0	0	0	0
ClusterID:962	4	3	0	0	0	0
ClusterID:963	130	138	0	0	6209	0
ClusterID:964	50	79	10	3	780	0
ClusterID:965	28	75	0	0	0	0
ClusterID:966	7	6	0	0	0	0
ClusterID:967	1	0	0	0	0	0
ClusterID:968	20	13	0	0	71	0
ClusterID:969	21	25	0	0	1	0
ClusterID:970	11	11	0	0	0	0
ClusterID:971	13	8	0	0	6	3
ClusterID:972	9	14	0	0	6	0
ClusterID:973	5	2	0	0	1	0
ClusterID:974	7	8	0	0	0	0
ClusterID:975	20	30	0	0	0	0
ClusterID:976	1	0	0	0	0	0
ClusterID:977	1	0	0	0	0	0
ClusterID:978	61	209	0	0	0	0
ClusterID:979	56	318	0	0	59	0
ClusterID:980	7	7	0	0	0	0
ClusterID:981	1	0	0	0	0	0
ClusterID:982	5	4	0	0	0	0
ClusterID:983	59	41	0	0	903	0
ClusterID:984	5	4	0	0	0	0
ClusterID:985	9	8	0	0	1	0
ClusterID:986	16	16	0	0	0	0
ClusterID:987	7	7	0	0	3	1
ClusterID:988	1	0	0	0	0	0
ClusterID:989	18	24	1	0	26	61
ClusterID:990	24	39	3	6	78	30
ClusterID:991	2	1	0	0	0	0
ClusterID:992	4	3	0	0	0	0
ClusterID:993	1	0	0	0	0	0
ClusterID:994	4	3	0	0	0	0
ClusterID:995	1	0	0	0	0	0
ClusterID:996	1	0	0	0	0	0
ClusterID:997	1	0	0	0	0	0
ClusterID:998	26	54	0	0	1	0
ClusterID:999	8	4	0	4	0	0
ClusterID:1000	6	5	0	0	0	0
ClusterID:1001	5	4	0	0	0	0
ClusterID:1002	1	0	0	0	0	0
ClusterID:1003	1	0	0	0	0	0
ClusterID:1004	1	0	0	0	0	0
ClusterID:1005	1	0	0	0	0	0
ClusterID:1006	1	0	0	0	0	0
ClusterID:1007	1	0	0	0	0	0
ClusterID:1008	64	11	3	5	419	406
ClusterID:1009	5	4	0	0	0	0
ClusterID:1010	3	2	0	0	0	0
ClusterID:1011	10	9	0	0	0	0
ClusterID:1012	12	11	0	0	1	0
ClusterID:1013	19	32	0	0	36	0
ClusterID:1014	6	5	0	0	0	0
ClusterID:1015	26	26	0	0	33	21
ClusterID:1016	1	0	0	0	0	0
ClusterID:1017	7	0	0	0	1	20
ClusterID:1018	59	140	0	0	1081	0
ClusterID:1019	13	12	0	0	0	0
ClusterID:1020	98	66	0	2	3655	0
ClusterID:1021	31	110	0	0	6	0
ClusterID:1022	12	11	0	0	0	0
ClusterID:1023	2	1	0	0	0	0
ClusterID:1024	1	0	0	0	0	0
ClusterID:1025	4	3	0	0	0	0
ClusterID:1026	1	0	0	0	0	0
ClusterID:1027	8	6	0	0	1	0
ClusterID:1028	12	11	0	0	0	0
ClusterID:1029	1	0	0	0	0	0
ClusterID:1030	1	0	0	0	0	0
ClusterID:1031	5	4	0	0	0	0
ClusterID:1032	1	0	0	0	0	0
ClusterID:1033	1	0	0	0	0	0
ClusterID:1034	1	0	0	0	0	0
ClusterID:1035	7	6	0	0	0	0
ClusterID:1036	23	22	1	0	6	6
ClusterID:1037	7	6	0	0	0	0
ClusterID:1038	59	61	0	86	13	1
ClusterID:1039	30	66	0	0	0	0
ClusterID:1040	3	2	0	0	0	0
ClusterID:1041	9	8	0	0	0	0
ClusterID:1042	12	11	0	0	0	0
ClusterID:1043	16	15	0	1	1	0
ClusterID:1044	39	30	0	0	379	0
ClusterID:1045	1	0	0	0	0	0
ClusterID:1046	6	5	0	0	0	0
ClusterID:1047	10	19	0	0	0	0
ClusterID:1048	137	112	4	0	6266	0
ClusterID:1049	1	0	0	0	0	0
ClusterID:1050	6	5	0	0	1	0
ClusterID:1051	18	67	0	0	6	0
ClusterID:1052	5	4	0	0	0	0
ClusterID:1053	38	17	0	0	412	198
ClusterID:1054	2	1	0	0	0	0
ClusterID:1055	4	3	0	0	0	0
ClusterID:1056	70	69	0	0	0	0
ClusterID:1057	6	5	0	0	0	0
ClusterID:1058	1	0	0	0	0	0
ClusterID:1059	1	0	0	0	0	0
ClusterID:1060	1	0	0	0	0	0
ClusterID:1061	5	4	0	0	0	0
ClusterID:1062	4	3	0	0	0	0
ClusterID:1063	37	63	0	0	42	0
ClusterID:1064	4	3	0	0	0	0
ClusterID:1065	29	104	0	0	34	0
ClusterID:1066	4	3	0	0	0	0
ClusterID:1067	2	1	0	0	0	0
ClusterID:1068	10	8	0	0	10	0
ClusterID:1069	10	12	0	0	4	0
ClusterID:1070	1	0	0	0	0	0
ClusterID:1071	1	0	0	0	0	0
ClusterID:1072	1	0	0	0	0	0
ClusterID:1073	2	0	0	0	1	0
ClusterID:1074	1	0	0	0	0	0
ClusterID:1075	4	3	0	0	0	0
ClusterID:1076	47	17	0	1	375	552
ClusterID:1077	5	4	0	0	0	0
ClusterID:1078	7	6	0	0	1	0
ClusterID:1079	7	6	0	0	0	0
ClusterID:1080	1	0	0	0	0	0
ClusterID:1081	1	0	0	0	0	0
ClusterID:1082	2	1	0	0	0	0
ClusterID:1083	1	0	0	0	0	0
ClusterID:1084	3	2	0	0	0	0
ClusterID:1085	2	1	0	0	0	0
ClusterID:1086	1	0	0	0	0	0
ClusterID:1087	1	0	0	0	0	0
ClusterID:1088	10	5	21	0	1	3
ClusterID:1089	13	5	0	0	19	28
ClusterID:1090	6	7	3	0	3	0
ClusterID:1091	77	57	6	7	2346	0
ClusterID:1092	1	0	0	0	0	0
ClusterID:1093	1	0	0	0	0	0
ClusterID:1094	1	0	0	0	0	0
ClusterID:1095	65	202	1	6	440	0
ClusterID:1096	1	0	0	0	0	0
ClusterID:1097	9	11	0	0	0	0
ClusterID:1098	5	4	3	0	3	0
ClusterID:1099	1	0	0	0	0	0
ClusterID:1100	1	0	0	0	0	0
ClusterID:1101	1	0	0	0	0	0
ClusterID:1102	1	0	0	0	0	0
ClusterID:1103	1	0	0	0	0	0
ClusterID:1104	1	0	0	0	0	0
ClusterID:1105	1	0	0	0	0	0
ClusterID:1106	1	0	0	0	0	0
ClusterID:1107	1	0	0	0	0	0
ClusterID:1108	1	0	0	0	0	0
ClusterID:1109	1	0	0	0	0	0
ClusterID:1110	1	0	0	0	0	0
ClusterID:1111	1	0	0	0	0	0
ClusterID:1112	1	0	0	0	0	0
ClusterID:1113	1	0	0	0	0	0
ClusterID:1114	1	0	0	0	0	0
ClusterID:1115	1	0	0	0	0	0
ClusterID:1116	1	0	0	0	0	0
ClusterID:1117	1	0	0	0	0	0
ClusterID:1118	1	0	0	0	0	0
ClusterID:1119	1	0	0	0	0	0
ClusterID:1120	1	0	0	0	0	0
ClusterID:1121	1	0	0	0	0	0
ClusterID:1122	1	0	0	0	0	0
ClusterID:1123	1	0	0	0	0	0
ClusterID:1124	1	0	0	0	0	0
ClusterID:1125	1	0	0	0	0	0
ClusterID:1126	1	0	0	0	0	0
ClusterID:1127	1	0	0	0	0	0
ClusterID:1128	1	0	0	0	0	0
ClusterID:1129	1	0	0	0	0	0
ClusterID:1130	1	0	0	0	0	0
ClusterID:1131	1	0	0	0	0	0
ClusterID:1132	1	0	0	0	0	0
ClusterID:1133	1	0	0	0	0	0
ClusterID:1134	1	0	0	0	0	0
ClusterID:1135	1	0	0	0	0	0
ClusterID:1136	1	0	0	0	0	0
ClusterID:1137	1	0	0	0	0	0
ClusterID:1138	1	0	0	0	0	0
ClusterID:1139	1	0	0	0	0	0
ClusterID:1140	1	0	0	0	0	0
ClusterID:1141	1	0	0	0	0	0
ClusterID:1142	1	0	0	0	0	0
ClusterID:1143	1	0	0	0	0	0
ClusterID:1144	1	0	0	0	0	0
ClusterID:1145	1	0	0	0	0	0
ClusterID:1146	1	0	0	0	0	0
ClusterID:1147	1	0	0	0	0	0
ClusterID:1148	1	0	0	0	0	0
ClusterID:1149	1	0	0	0	0	0
ClusterID:1150	1	0	0	0	0	0
ClusterID:1151	1	0	0	0	0	0
ClusterID:1152	1	0	0	0	0	0
ClusterID:1153	1	0	0	0	0	0
ClusterID:1154	1	0	0	0	0	0
ClusterID:1155	1	0	0	0	0	0
ClusterID:1156	1	0	0	0	0	0
ClusterID:1157	1	0	0	0	0	0
ClusterID:1158	1	0	0	0	0	0
ClusterID:1159	1	0	0	0	0	0
ClusterID:1160	1	0	0	0	0	0
ClusterID:1161	1	0	0	0	0	0
ClusterID:1162	1	0	0	0	0	0
ClusterID:1163	1	0	0	0	0	0
ClusterID:1164	1	0	0	0	0	0
ClusterID:1165	1	0	0	0	0	0
ClusterID:1166	1	0	0	0	0	0
ClusterID:1167	1	0	0	0	0	0
ClusterID:1168	1	0	0	0	0	0
ClusterID:1169	1	0	0	0	0	0
ClusterID:1170	1	0	0	0	0	0
ClusterID:1171	1	0	0	0	0	0
ClusterID:1172	1	0	0	0	0	0
ClusterID:1173	1	0	0	0	0	0
ClusterID:1174	1	0	0	0	0	0
ClusterID:1175	1	0	0	0	0	0
ClusterID:1176	1	0	0	0	0	0
ClusterID:1177	1	0	0	0	0	0
ClusterID:1178	1	0	0	0	0	0
ClusterID:1179	1	0	0	0	0	0
ClusterID:1180	1	0	0	0	0	0
ClusterID:1181	1	0	0	0	0	0
ClusterID:1182	1	0	0	0	0	0
ClusterID:1183	1	0	0	0	0	0
ClusterID:1184	1	0	0	0	0	0
ClusterID:1185	1	0	0	0	0	0
ClusterID:1186	1	0	0	0	0	0
ClusterID:1187	1	0	0	0	0	0
ClusterID:1188	1	0	0	0	0	0
ClusterID:1189	1	0	0	0	0	0
ClusterID:1190	1	0	0	0	0	0
ClusterID:1191	1	0	0	0	0	0
ClusterID:1192	1	0	0	0	0	0
ClusterID:1193	1	0	0	0	0	0
ClusterID:1194	1	0	0	0	0	0
ClusterID:1195	1	0	0	0	0	0
ClusterID:1196	1	0	0	0	0	0
ClusterID:1197	1	0	0	0	0	0
ClusterID:1198	1	0	0	0	0	0
ClusterID:1199	1	0	0	0	0	0
ClusterID:1200	1	0	0	0	0	0
ClusterID:1201	1	0	0	0	0	0
ClusterID:1202	1	0	0	0	0	0
ClusterID:1203	5	3	0	0	1	1
ClusterID:1204	1	0	0	0	0	0
ClusterID:1205	1	0	0	0	0	0
ClusterID:1206	1	0	0	0	0	0
ClusterID:1207	1	0	0	0	0	0
ClusterID:1208	1	0	0	0	0	0
ClusterID:1209	1	0	0	0	0	0
ClusterID:1210	1	0	0	0	0	0
ClusterID:1211	1	0	0	0	0	0
ClusterID:1212	1	0	0	0	0	0
ClusterID:1213	1	0	0	0	0	0
ClusterID:1214	1	0	0	0	0	0
ClusterID:1215	1	0	0	0	0	0
ClusterID:1216	1	0	0	0	0	0
ClusterID:1217	1	0	0	0	0	0
ClusterID:1218	1	0	0	0	0	0
ClusterID:1219	1	0	0	0	0	0
ClusterID:1220	1	0	0	0	0	0
ClusterID:1221	1	0	0	0	0	0
ClusterID:1222	1	0	0	0	0	0
ClusterID:1223	1	0	0	0	0	0
ClusterID:1224	1	0	0	0	0	0
ClusterID:1225	1	0	0	0	0	0
ClusterID:1226	1	0	0	0	0	0
ClusterID:1227	1	0	0	0	0	0
ClusterID:1228	1	0	0	0	0	0
ClusterID:1229	1	0	0	0	0	0
ClusterID:1230	1	0	0	0	0	0
ClusterID:1231	1	0	0	0	0	0
ClusterID:1232	1	0	0	0	0	0
ClusterID:1233	1	0	0	0	0	0
ClusterID:1234	1	0	0	0	0	0
ClusterID:1235	1	0	0	0	0	0
ClusterID:1236	1	0	0	0	0	0
ClusterID:1237	1	0	0	0	0	0
ClusterID:1238	1	0	0	0	0	0
ClusterID:1239	1	0	0	0	0	0
ClusterID:1240	1	0	0	0	0	0
ClusterID:1241	1	0	0	0	0	0
ClusterID:1242	1	0	0	0	0	0
ClusterID:1243	1	0	0	0	0	0
ClusterID:1244	1	0	0	0	0	0
ClusterID:1245	1	0	0	0	0	0
ClusterID:1246	1	0	0	0	0	0
ClusterID:1247	1	0	0	0	0	0
ClusterID:1248	1	0	0	0	0	0
ClusterID:1249	1	0	0	0	0	0
ClusterID:1250	1	0	0	0	0	0
ClusterID:1251	1	0	0	0	0	0
ClusterID:1252	1	0	0	0	0	0
ClusterID:1253	1	0	0	0	0	0
ClusterID:1254	1	0	0	0	0	0
ClusterID:1255	1	0	0	0	0	0
ClusterID:1256	1	0	0	0	0	0
ClusterID:1257	1	0	0	0	0	0
ClusterID:1258	1	0	0	0	0	0
ClusterID:1259	1	0	0	0	0	0
ClusterID:1260	1	0	0	0	0	0
ClusterID:1261	1	0	0	0	0	0
ClusterID:1262	1	0	0	0	0	0
ClusterID:1263	1	0	0	0	0	0
ClusterID:1264	1	0	0	0	0	0
ClusterID:1265	1	0	0	0	0	0
ClusterID:1266	1	0	0	0	0	0
ClusterID:1267	1	0	0	0	0	0
ClusterID:1268	1	0	0	0	0	0
ClusterID:1269	1	0	0	0	0	0
ClusterID:1270	1	0	0	0	0	0
ClusterID:1271	1	0	0	0	0	0
ClusterID:1272	1	0	0	0	0	0
ClusterID:1273	1	0	0	0	0	0
ClusterID:1274	1	0	0	0	0	0
ClusterID:1275	1	0	0	0	0	0
ClusterID:1276	1	0	0	0	0	0
ClusterID:1277	1	0	0	0	0	0
ClusterID:1278	1	0	0	0	0	0
ClusterID:1279	1	0	0	0	0	0
ClusterID:1280	1	0	0	0	0	0
ClusterID:1281	1	0	0	0	0	0
ClusterID:1282	1	0	0	0	0	0
ClusterID:1283	1	0	0	0	0	0
ClusterID:1284	1	0	0	0	0	0
ClusterID:1285	1	0	0	0	0	0
ClusterID:1286	1	0	0	0	0	0
ClusterID:1287	1	0	0	0	0	0
ClusterID:1288	1	0	0	0	0	0
ClusterID:1289	1	0	0	0	0	0
ClusterID:1290	1	0	0	0	0	0
ClusterID:1291	1	0	0	0	0	0
ClusterID:1292	1	0	0	0	0	0
ClusterID:1293	1	0	0	0	0	0
ClusterID:1294	1	0	0	0	0	0
ClusterID:1295	1	0	0	0	0	0
ClusterID:1296	1	0	0	0	0	0
ClusterID:1297	1	0	0	0	0	0
ClusterID:1298	1	0	0	0	0	0
ClusterID:1299	1	0	0	0	0	0
ClusterID:1300	1	0	0	0	0	0
ClusterID:1301	1	0	0	0	0	0
ClusterID:1302	1	0	0	0	0	0
ClusterID:1303	1	0	0	0	0	0
ClusterID:1304	1	0	0	0	0	0
ClusterID:1305	1	0	0	0	0	0
ClusterID:1306	1	0	0	0	0	0
ClusterID:1307	1	0	0	0	0	0
ClusterID:1308	1	0	0	0	0	0
ClusterID:1309	1	0	0	0	0	0
ClusterID:1310	1	0	0	0	0	0
ClusterID:1311	1	0	0	0	0	0
ClusterID:1312	1	0	0	0	0	0
ClusterID:1313	1	0	0	0	0	0
ClusterID:1314	1	0	0	0	0	0
ClusterID:1315	1	0	0	0	0	0
ClusterID:1316	1	0	0	0	0	0
ClusterID:1317	1	0	0	0	0	0
ClusterID:1318	1	0	0	0	0	0
ClusterID:1319	1	0	0	0	0	0
ClusterID:1320	1	0	0	0	0	0
ClusterID:1321	1	0	0	0	0	0
ClusterID:1322	1	0	0	0	0	0
ClusterID:1323	1	0	0	0	0	0
ClusterID:1324	1	0	0	0	0	0
ClusterID:1325	1	0	0	0	0	0
ClusterID:1326	1	0	0	0	0	0
ClusterID:1327	1	0	0	0	0	0
ClusterID:1328	1	0	0	0	0	0
ClusterID:1329	1	0	0	0	0	0
ClusterID:1330	48	3	0	0	1035	0
ClusterID:1331	1	0	0	0	0	0
ClusterID:1332	31	88	0	0	0	0
ClusterID:1333	35	26	0	1	77	136
ClusterID:1334	6	5	0	0	0	0
ClusterID:1335	36	15	1	0	220	0
ClusterID:1336	7	0	0	0	21	0
ClusterID:1337	15	29	0	0	0	0
ClusterID:1338	67	13	0	0	580	0
ClusterID:1339	15	4	0	0	55	0
ClusterID:1340	47	18	0	0	573	0
ClusterID:1341	6	0	0	0	15	0
ClusterID:1342	1	0	0	0	0	0
ClusterID:1343	3	3	0	0	0	0
ClusterID:1344	1	0	0	0	0	0
